training_count,training_time,benign_count,malicious_count
1.0,3.152244806289673,4.0,891.0
2.0,2.5060477256774902,7.0,945.0
